scen,alg,n_incast,cct_ms,mean_fct_ms,p99_fct_ms,qpeak_MB,pfc_rows,per_dst_mean_fct_ms,cbap_backend
e1,cbap,40,3.647,0.846,1.225,0.450,0,64:0.85,"RATE_AI 50Mb/s / RATE_HAI 100Mb/s (legacy, as in all prior campaigns)"
e1,hpcc,40,4.664,2.323,3.725,1.060,0,64:2.32,
e1,dcqn,40,5.206,2.273,4.145,5.145,0,64:2.27,
e1,dctcp,40,4.309,2.670,3.842,9.830,0,64:2.67,
e1,timely,40,5.214,1.453,3.391,8.143,0,64:1.45,
e1,dart,40,4.013,1.234,1.617,8.000,0,64:1.23,
e2,cbap,60,32.356,26.991,32.351,22.487,6704,64:26.99,"RATE_AI 50Mb/s / RATE_HAI 100Mb/s (legacy, as in all prior campaigns)"
e2,hpcc,60,35.748,31.127,32.531,22.497,580,64:31.13,
e2,dcqn,60,36.934,31.186,36.413,17.675,12,64:31.19,
e2,dctcp,60,33.651,28.553,31.422,22.789,1392,64:28.55,
e2,timely,60,36.703,30.095,34.790,21.001,160,64:30.10,
e2,dart,60,33.480,28.385,28.517,21.590,276,64:28.39,
