scen,alg,n_seeds,cct_mean,cct_std,cct_min,cct_max,p99_mean,p99_std,q_mean,q_std,pfc_min,pfc_max,flow_timing_identical_across_seeds
m1,cbap,5,11.140,0.0395,11.094,11.181,11.134,0.0395,1.119,0.5771,0,0,no
m1,hpcc,5,12.448,0.0000,12.448,12.448,12.448,0.0000,17.083,0.0000,108,108,no
m1,dcqn,5,14.649,0.2850,14.459,15.154,14.649,0.2850,13.547,0.0533,10,14,no
m1,dctcp,5,12.209,0.0421,12.160,12.251,12.209,0.0421,17.280,0.0000,254,324,no
m1,timely,5,13.825,0.0000,13.825,13.825,13.825,0.0000,17.086,0.0000,58,58,no
m1,dart,5,11.268,0.0000,11.268,11.268,11.268,0.0000,15.293,0.0000,84,84,no
m2,cbap,5,2.871,0.0104,2.860,2.884,2.865,0.0103,0.537,0.0253,0,0,no
m2,hpcc,5,3.314,0.0000,3.314,3.314,3.314,0.0000,17.073,0.0000,108,108,no
m2,dcqn,5,4.115,0.0429,4.056,4.154,4.115,0.0429,13.622,0.0414,10,14,no
m2,dctcp,5,3.040,0.0124,3.025,3.057,3.040,0.0124,17.295,0.0000,210,210,no
m2,timely,5,3.347,0.0000,3.347,3.347,3.347,0.0000,17.052,0.0000,58,58,no
m2,dart,5,2.747,0.0000,2.747,2.747,2.747,0.0000,15.239,0.0000,80,80,no
m3,cbap,5,3.670,0.0358,3.631,3.715,3.664,0.0359,0.641,0.1708,0,0,no
m3,hpcc,5,4.140,0.0000,4.140,4.140,4.140,0.0000,21.104,0.0000,178,178,no
m3,dcqn,5,4.836,0.1202,4.730,5.022,4.836,0.1202,19.348,0.0090,36,48,no
m3,dctcp,5,3.833,0.0128,3.815,3.844,3.833,0.0128,21.281,0.0000,712,714,no
m3,timely,5,4.480,0.0000,4.480,4.480,4.480,0.0000,21.272,0.0000,584,584,no
m3,dart,5,3.627,0.0000,3.627,3.627,3.627,0.0000,20.000,0.0000,278,278,no
m4,cbap,5,1.222,0.0024,1.218,1.224,1.217,0.0023,0.431,0.0044,0,0,no
m4,hpcc,5,2.692,0.0000,2.692,2.692,2.692,0.0000,7.355,0.0000,0,0,no
m4,dcqn,5,2.590,0.0186,2.574,2.621,2.590,0.0186,5.499,0.0532,0,0,no
m4,dctcp,5,1.636,0.0203,1.618,1.666,1.636,0.0203,8.332,0.0000,0,0,no
m4,timely,5,2.471,0.0000,2.471,2.471,2.471,0.0000,8.208,0.0000,0,0,no
m4,dart,5,1.250,0.0000,1.250,1.250,1.250,0.0000,6.841,0.0000,0,0,no
