scen,alg,cct_ms,mean_fct_ms,p99_fct_ms,side_cct_ms,qpeak_sel_MB,pfc_rows,bg_acked_MB,qlen_node_peaks_MB,n_incast
m1,cbap,11.181,10.123,11.176,60:11.181;64:11.077,0.785,0,bg0:1030.8;bg1:1027.1,81:0.479;82:0.479;83:0.200;84:0.200,60
m1,hpcc,12.448,12.029,12.448,60:12.407;64:12.448,17.083,108,bg0:970.0;bg1:969.7,81:0.479;82:0.479;83:0.200;84:0.200,60
m1,dcqn,14.546,12.249,14.546,60:14.546;64:13.668,13.533,10,bg0:632.8;bg1:599.0,81:0.479;82:0.479;83:0.200;84:0.200,60
m1,dctcp,12.211,11.665,12.211,60:12.109;64:12.211,17.280,254,bg0:1059.8;bg1:1058.6,81:0.479;82:0.479;83:0.200;84:0.200,60
m1,timely,13.825,12.183,13.825,60:13.825;64:13.257,17.086,58,bg0:861.2;bg1:850.4,81:0.479;82:0.479;83:0.200;84:0.200,60
m1,dart,11.268,11.170,11.268,60:11.229;64:11.268,15.293,84,bg0:1031.5;bg1:1032.6,81:0.479;82:0.479;83:0.200;84:0.200,60
m2,cbap,2.860,2.640,2.854,60:2.860;64:2.858,0.579,0,bg0:2363.5;bg1:1242.6,81:0.649;82:0.649;83:0.200;84:0.200,60
m2,hpcc,3.314,3.119,3.314,60:3.314;64:3.309,17.073,108,bg0:2252.0;bg1:1186.6,81:0.649;82:0.649;83:0.200;84:0.200,60
m2,dcqn,4.148,3.916,4.148,60:4.148;64:4.044,13.665,10,bg0:1668.0;bg1:1039.3,81:0.649;82:0.649;83:0.200;84:0.200,60
m2,dctcp,3.057,2.872,3.057,60:2.969;64:3.057,17.295,210,bg0:2374.6;bg1:1253.0,81:0.649;82:0.649;83:0.200;84:0.200,60
m2,timely,3.347,3.117,3.347,60:3.347;64:3.317,17.052,58,bg0:2067.0;bg1:1175.3,81:0.649;82:0.649;83:0.200;84:0.200,60
m2,dart,2.747,2.715,2.747,60:2.741;64:2.747,15.239,80,bg0:2369.0;bg1:1245.9,81:0.649;82:0.649;83:0.200;84:0.200,60
m3,cbap,3.699,2.910,3.694,60:1.892;64:3.699,0.583,0,bg0:1194.1;bg1:1262.0,81:0.449;82:0.449;83:0.200;84:0.200,60
m3,hpcc,4.140,3.419,4.140,60:2.644;64:4.140,21.104,178,bg0:1140.0;bg1:1213.6,81:0.449;82:0.449;83:0.200;84:0.200,60
m3,dcqn,4.884,4.091,4.884,60:3.321;64:4.884,19.354,40,bg0:712.7;bg1:760.8,81:0.449;82:0.449;83:0.200;84:0.200,60
m3,dctcp,3.825,3.118,3.825,60:2.204;64:3.825,21.281,714,bg0:1201.4;bg1:1269.7,81:0.449;82:0.449;83:0.200;84:0.200,60
m3,timely,4.480,3.222,4.480,60:2.660;64:4.480,21.272,584,bg0:977.5;bg1:1059.7,81:0.449;82:0.449;83:0.200;84:0.200,60
m3,dart,3.627,3.012,3.627,60:1.865;64:3.627,20.000,278,bg0:1195.5;bg1:1262.6,81:0.449;82:0.449;83:0.200;84:0.200,60
m4,cbap,1.223,1.118,1.218,52:1.203;56:1.213;60:1.223;64:1.209,0.430,0,bg0:1287.7;bg1:1287.2;bg2:1287.5;bg3:1287.9,81:0.200;82:0.200;83:0.200;84:0.200,52
m4,hpcc,2.692,2.244,2.692,52:2.624;56:2.692;60:2.674;64:2.501,7.355,0,bg0:1240.7;bg1:1241.8;bg2:1241.8;bg3:1241.3,81:0.200;82:0.200;83:0.200;84:0.200,52
m4,dcqn,2.586,2.460,2.586,52:2.581;56:2.586;60:2.543;64:2.568,5.471,0,bg0:836.5;bg1:835.7;bg2:836.1;bg3:835.7,81:0.200;82:0.200;83:0.200;84:0.200,52
m4,dctcp,1.618,1.504,1.618,52:1.605;56:1.599;60:1.598;64:1.618,8.332,0,bg0:1293.6;bg1:1293.5;bg2:1293.4;bg3:1293.5,81:0.200;82:0.200;83:0.200;84:0.200,52
m4,timely,2.471,2.456,2.471,52:2.464;56:2.463;60:2.466;64:2.471,8.208,0,bg0:1071.8;bg1:1071.8;bg2:1071.8;bg3:1071.8,81:0.200;82:0.200;83:0.200;84:0.200,52
m4,dart,1.250,1.233,1.250,52:1.248;56:1.250;60:1.247;64:1.249,6.841,0,bg0:1286.1;bg1:1286.3;bg2:1286.2;bg3:1286.3,81:0.200;82:0.200;83:0.200;84:0.200,52
