case,alg,cct_ms,mean_fct_ms,p99_fct_ms,qpeak_MB,pfc_rows,n_incast
10g_s0,cbap,14.275,14.233,14.249,0.192,0,64
10g_s0,hpcc,15.207,14.893,15.207,1.304,0,64
10g_s0,dcqn,15.690,14.166,15.690,1.282,0,64
10g_s0,dctcp,14.396,14.120,14.396,1.282,0,64
10g_s0,timely,14.554,14.326,14.554,1.284,0,64
10g_s0,dart,16.844,16.819,16.844,0.062,0,64
10g_s1,cbap,57.018,55.261,56.988,1.078,0,64
10g_s1,hpcc,60.595,59.980,60.595,1.304,0,64
10g_s1,dcqn,58.771,54.767,58.771,1.282,0,64
10g_s1,dctcp,57.413,56.712,57.413,1.282,0,64
10g_s1,timely,58.089,57.549,58.089,1.284,0,64
10g_s1,dart,67.378,67.351,67.378,0.062,0,64
10g_s2,cbap,229.140,223.225,229.092,1.186,0,64
10g_s2,hpcc,242.263,240.966,242.263,1.304,0,64
10g_s2,dcqn,229.553,222.466,229.553,1.282,0,64
10g_s2,dctcp,229.355,228.136,229.355,1.282,0,64
10g_s2,timely,231.737,230.690,231.737,1.284,0,64
10g_s2,dart,269.510,269.480,269.510,0.062,0,64
10g_s3,cbap,919.843,906.515,919.792,1.186,0,64
10g_s3,hpcc,968.137,966.107,968.137,1.304,0,64
10g_s3,dcqn,917.476,901.242,917.476,1.282,0,64
10g_s3,dctcp,916.774,915.530,916.774,1.282,0,64
10g_s3,timely,925.716,923.898,925.716,1.284,0,64
10g_s3,dart,1078.121,1078.098,1078.121,0.062,0,64
10g_s4,cbap,228.994,222.655,228.968,1.175,0,64
10g_s4,hpcc,242.193,240.952,242.193,1.305,0,64
10g_s4,dcqn,230.445,222.207,230.445,1.282,0,64
10g_s4,dctcp,229.318,228.135,229.318,1.282,0,64
10g_s4,timely,231.584,230.574,231.584,1.284,0,64
10g_s4,dart,269.508,269.479,269.508,0.064,0,64
10g_s5,cbap,232.605,231.353,232.600,0.642,0,32
10g_s5,hpcc,245.915,244.379,245.915,0.621,0,32
10g_s5,dcqn,236.134,232.101,236.134,0.642,0,32
10g_s5,dctcp,232.811,232.713,232.811,0.642,0,32
10g_s5,timely,271.169,270.118,271.169,0.641,0,32
10g_s5,dart,273.686,273.672,273.686,0.034,0,32
200g_s0,cbap,0.744,0.737,0.738,0.378,0,64
200g_s0,hpcc,0.769,0.642,0.769,13.041,0,64
200g_s0,dcqn,0.737,0.615,0.737,12.603,0,64
200g_s0,dctcp,0.750,0.627,0.750,12.940,0,64
200g_s0,timely,0.747,0.626,0.747,12.967,0,64
200g_s0,dart,0.854,0.854,0.854,0.229,0,64
200g_s1,cbap,2.927,2.765,2.920,0.492,0,64
200g_s1,hpcc,3.131,2.973,3.131,20.344,78,64
200g_s1,dcqn,3.177,2.861,3.177,17.994,0,64
200g_s1,dctcp,2.903,2.807,2.903,20.071,176,64
200g_s1,timely,2.884,2.787,2.884,20.063,178,64
200g_s1,dart,3.381,3.381,3.381,0.229,0,64
200g_s2,cbap,11.569,11.017,11.561,0.573,0,64
200g_s2,hpcc,12.458,12.318,12.458,20.344,78,64
200g_s2,dcqn,13.078,11.965,13.078,17.994,0,64
200g_s2,dctcp,12.133,11.875,12.133,20.085,436,64
200g_s2,timely,11.858,11.234,11.858,20.077,830,64
200g_s2,dart,13.489,13.488,13.489,0.229,0,64
200g_s3,cbap,45.815,43.609,45.809,0.573,0,64
200g_s3,hpcc,49.877,49.555,49.877,20.344,78,64
200g_s3,dcqn,49.203,44.830,49.203,17.994,0,64
200g_s3,dctcp,46.824,45.945,46.824,20.085,436,64
200g_s3,timely,47.805,47.291,47.805,20.077,830,64
200g_s3,dart,53.921,53.921,53.921,0.229,0,64
200g_s4,cbap,11.579,10.925,11.573,0.569,0,64
200g_s4,hpcc,12.482,12.288,12.482,20.353,78,64
200g_s4,dcqn,13.303,11.979,13.303,17.971,0,64
200g_s4,dctcp,12.101,11.853,12.101,20.087,436,64
200g_s4,timely,11.856,11.231,11.856,20.075,830,64
200g_s4,dart,13.489,13.488,13.489,0.265,0,64
200g_s5,cbap,11.662,10.977,11.656,0.502,0,32
200g_s5,hpcc,13.015,12.698,13.015,9.841,0,32
200g_s5,dcqn,14.464,12.426,14.464,7.785,0,32
200g_s5,dctcp,12.722,12.233,12.722,10.267,0,32
200g_s5,timely,13.917,11.818,13.917,10.271,0,32
200g_s5,dart,13.696,13.696,13.696,0.229,0,32
400g_s0,cbap,0.388,0.382,0.383,0.370,0,64
400g_s0,hpcc,0.398,0.334,0.398,13.391,0,64
400g_s0,dcqn,0.379,0.318,0.379,12.825,0,64
400g_s0,dctcp,0.393,0.329,0.393,13.532,0,64
400g_s0,timely,0.393,0.329,0.393,13.637,0,64
400g_s0,dart,0.433,0.433,0.433,0.454,0,64
400g_s1,cbap,1.486,1.355,1.480,0.439,0,64
400g_s1,hpcc,1.520,1.355,1.520,22.530,326,64
400g_s1,dcqn,1.447,1.374,1.447,22.455,280,64
400g_s1,dctcp,1.485,1.321,1.485,22.795,308,64
400g_s1,timely,1.461,1.304,1.461,22.670,308,64
400g_s1,dart,1.696,1.696,1.696,0.454,0,64
400g_s2,cbap,5.876,5.449,5.871,0.517,0,64
400g_s2,hpcc,6.253,6.036,6.253,22.530,812,64
400g_s2,dcqn,6.563,5.998,6.563,22.455,322,64
400g_s2,dctcp,5.970,5.440,5.970,22.804,1676,64
400g_s2,timely,5.734,5.242,5.734,22.670,1610,64
400g_s2,dart,6.748,6.748,6.748,0.454,0,64
400g_s3,cbap,23.153,21.574,23.148,2.145,0,64
400g_s3,hpcc,25.076,24.788,25.076,22.530,812,64
400g_s3,dcqn,25.646,23.376,25.646,22.455,322,64
400g_s3,dctcp,23.771,23.169,23.771,22.804,1784,64
400g_s3,timely,23.944,21.835,23.944,22.670,3694,64
400g_s3,dart,26.958,26.958,26.958,0.454,0,64
400g_s4,cbap,5.919,5.503,5.913,0.551,0,64
400g_s4,hpcc,6.283,6.040,6.283,22.570,812,64
400g_s4,dcqn,6.568,6.035,6.568,22.432,322,64
400g_s4,dctcp,5.973,5.440,5.973,22.810,1652,64
400g_s4,timely,5.734,5.246,5.734,22.654,1606,64
400g_s4,dart,6.748,6.748,6.748,0.394,0,64
400g_s5,cbap,6.088,5.578,6.083,0.539,0,32
400g_s5,hpcc,6.758,6.396,6.758,18.251,74,32
400g_s5,dcqn,8.240,7.081,8.240,14.916,14,32
400g_s5,dctcp,6.659,6.380,6.659,18.401,230,32
400g_s5,timely,6.854,5.884,6.854,18.315,64,32
400g_s5,dart,6.850,6.850,6.850,0.452,0,32
10g_s6,cbap,106.946,106.273,106.941,0.571,0,60
10g_s6,hpcc,115.740,114.524,115.740,0.573,0,60
10g_s6,dcqn,111.323,109.017,111.323,0.602,0,60
10g_s6,dctcp,109.384,109.295,109.384,0.602,0,60
10g_s6,timely,130.136,128.503,130.136,0.593,0,60
10g_s6,dart,128.550,128.535,128.550,0.034,0,60
200g_s6,cbap,5.609,5.175,5.604,0.533,0,60
200g_s6,hpcc,6.266,6.014,6.266,9.052,0,60
200g_s6,dcqn,7.996,6.551,7.996,7.087,0,60
200g_s6,dctcp,6.181,5.928,6.181,9.627,0,60
200g_s6,timely,6.676,6.023,6.676,9.447,0,60
200g_s6,dart,6.440,6.439,6.440,0.234,0,60
400g_s6,cbap,2.813,2.580,2.808,0.562,0,60
400g_s6,hpcc,3.329,3.118,3.329,17.083,108,60
400g_s6,dcqn,4.108,3.925,4.108,13.452,10,60
400g_s6,dctcp,3.059,2.871,3.059,17.280,210,60
400g_s6,timely,3.345,3.117,3.345,17.086,58,60
400g_s6,dart,3.224,3.224,3.224,0.445,0,60
