case,alg,cct_ms,mean_fct_ms,p99_fct_ms,qpeak_sel_MB,pfc_rows,bg_acked_MB,q84_MB,q83_MB,n_incast
10g_s6,cbap,106.946,106.273,106.941,0.571,0,450.1,0.200,0.200,60
10g_s6,hpcc,115.740,114.524,115.740,0.573,0,411.9,0.200,0.200,60
10g_s6,dcqn,111.323,109.017,111.323,0.602,0,429.8,0.200,0.200,60
10g_s6,dctcp,109.384,109.295,109.384,0.602,0,453.4,0.200,0.200,60
10g_s6,timely,130.136,128.503,130.136,0.593,0,406.7,0.200,0.200,60
10g_s6,dart,128.550,128.535,128.550,0.034,0,378.3,0.200,0.200,60
200g_s6,cbap,5.609,5.175,5.604,0.533,0,1435.0,0.200,0.100,60
200g_s6,hpcc,6.266,6.014,6.266,9.052,0,1325.7,0.200,0.100,60
200g_s6,dcqn,7.996,6.551,7.996,7.087,0,851.2,0.200,0.100,60
200g_s6,dctcp,6.181,5.928,6.181,9.627,0,1448.5,0.200,0.100,60
200g_s6,timely,6.676,6.023,6.676,9.447,0,1309.9,0.200,0.100,60
200g_s6,dart,6.440,6.439,6.440,0.234,0,1284.2,0.200,0.200,60
400g_s6,cbap,2.813,2.580,2.808,0.562,0,2419.3,0.200,0.100,60
400g_s6,hpcc,3.329,3.118,3.329,17.083,108,2244.0,0.200,0.100,60
400g_s6,dcqn,4.108,3.925,4.108,13.452,10,1324.0,0.200,0.100,60
400g_s6,dctcp,3.059,2.871,3.059,17.280,210,2433.0,0.200,0.100,60
400g_s6,timely,3.345,3.117,3.345,17.086,58,1878.4,0.200,0.100,60
400g_s6,dart,3.224,3.224,3.224,0.445,0,2160.6,0.200,0.200,60
